exam_name,full_form,Exam Category,application_form_date,examination_date,result_date,Logo_Img_links,Mode_of_exam,detail_text
KCET,Karnataka Common Entrance Test,Design,02 Mar 24-08 May 24,20-May-24,15-Jun-24,https://images.collegedunia.com/public/college_data/images/logos/KCET.jpg?h=66&w=66&mode=stretch,Written Test,"KCET is a state-level exam, conducted for admission to Engineering and B.Pharma courses"
CEED,Common Entrance Examination for Design,Design,30 Sept 23-10 Nov 23,22-Jan-24,7-Mar-24,https://images.collegedunia.com/public/college_data/images/logos/1423562575images.jpg?h=66&w=66&mode=stretch,Online Test,CEED 2023 is a national-level entrance examination conducted by IIT Bombay for admission to Master of Design (M.Des) and Ph.D. (Design) programs.
NPAT,National Test for Programs After Twelfth,Design,01 Dec 22-21 May 23,04 Jan 23-31 May 23,,https://images.collegedunia.com/public/college_data/images/logos/NMINS Logo.png?h=66&w=66&mode=stretch,Online Test,NPAT is university level entrance exam for admission to Undergraduate Degree and Integrated Degree Programs
NIFT,National Institute of Fashion Technology Entrance Test,Design,01 Nov 23-31 Dec 23,5-Feb-24,28-Apr-24,https://images.collegedunia.com/public/college_data/images/logos/1412683823jj.jpg?h=66&w=66&mode=stretch,Online Test,
UPES DAT,University of Petroleum and Energy Studies Design Aptitude Test,Design,09 Feb 23-12 Mar 23,21 May 23-07 Jun 23,,https://images.collegedunia.com/public/college_data/images/logos/UPES Lofo.jpg?h=66&w=66&mode=stretch,Online Test,"UPES DAT is a university level exam, conducted for admission in various UG and PG design courses"
AIEED,All India Entrance Examination for Design,Design,10 Nov 23-25 Jun 24,21 Dec 23-30 Jun 24,,https://images.collegedunia.com/public/college_data/images/logos/1415109202download.jpg?h=66&w=66&mode=stretch,Online Test,
CUET,Common Universities Entrance Test,Design,09 Feb 24-30 Mar 24,15 May 24-30 May 24,15-Jul-24,https://images.collegedunia.com/public/college_data/images/logos/ntaLOGO.jpg?h=66&w=66&mode=stretch,Written Test,"CUET is a national level examination, for admission into various UG, PG & other courses"
NID,National Institute of Design Entrance Exam,Design,12 Dec 23-08 Sept 23,24-Dec-23,24-Mar-24,https://images.collegedunia.com/public/college_data/images/logos/NID Logo.png?h=66&w=66&mode=stretch,Written Test,
VITMEE,VIT Masters Entrance Examination,Design,25 Jan 24-31 Mar 24,16 Apr 24-23 Apr 24,12-May-24,https://images.collegedunia.com/public/college_data/images/logos/VIT.png?h=66&w=66&mode=stretch,Online Test,"VITMEE exam is conducted for admission to MCA, M.Tech/M.Tech and Integrated Ph.D programs in VIT"
CUET PG,Common Universities Entrance Test Post Graduate,Design,30 Jan 24-16 Feb 24,11 Mar 24-28 Mar 24,20-Jul-24,https://images.collegedunia.com/public/college_data/images/logos/NTA-logo.jpg?h=66&w=66&mode=stretch,Online Test,
CEPT Entrance Exam,Center for Environmental Planning and Technology Entrance Exam,Design,13 Jun 23-03 Mar 23,17-Jun-23,30-Jun-23,https://images.collegedunia.com/public/college_data/images/logos/CEPT_new_logo.png?h=66&w=66&mode=stretch,Written Test,
DSAT,Dayanand Sagar Admission Test,Design,18 Dec 22-20 May 23,24-May-23,,https://images.collegedunia.com/public/college_data/images/logos/dsat logo.png?h=66&w=66&mode=stretch,Online Test,"DSAT is a university level entrance exam organized by Dayanand Sagar University, conducted for admission to various UG and PG program in DSU"
GLS Institute of Design DAT,GLS Institute of Design Aptitude Test,Design,02 Jan 23-21 Jan 23,28-Jan-23,,https://images.collegedunia.com/public/college_data/images/logos/DE10.png?h=66&w=66&mode=stretch,Written Test,
UBTER JEEP,Uttarakhand Board Of Technical Education Joint Entrance Exam Polytechnic,Design,25 Apr 23-25 May 23,9-Jun-23,5-Jun-23,https://images.collegedunia.com/public/college_data/images/logos/JEEP LOGO.png?h=66&w=66&mode=stretch,Written Test,UBTER JEEP Entrance Exam is conducted for admission to various diploma programs in the fields of engineering and pharmacy
SOFT CET,School of Fashion Technology Common Entrance Test,Design,15 Nov 22-31 Dec 22,2-Feb-23,9-Feb-23,https://images.collegedunia.com/public/college_data/images/logos/SOFT Logo.png?h=66&w=66&mode=stretch,Online Test,
CMRUAT,CMR University Admission Test,Design,04 Jan 23-19 Jun 23,26-Jun-23,,https://images.collegedunia.com/public/college_data/images/logos/cmruat logo.PNG?h=66&w=66&mode=stretch,Online Test,CMRUAT is a University level examination conducted to admission in various UG and PG courses offered by CMR University
SPSAT,Sri Padampat Singhania Admission Test,Design,22 Feb 23-26 Jun 23,6-Jul-23,,https://images.collegedunia.com/public/college_data/images/logos/ps wisdom logo.png?h=66&w=66&mode=stretch,Online Test,SPSAT is an online entrance test conducted for admission in various Management and Engineering courses
UPTAC,Uttar Pradesh Technical Admission Counselling,Design,24 Jul 23-20 Aug 23,,,https://images.collegedunia.com/public/college_data/images/logos/UPTAC.jpg?h=66&w=66&mode=stretch,Written Test,
MP Counselling,Madhya Pradesh Counselling,Design,,,,https://images.collegedunia.com/public/college_data/images/logos/MP Counselling Logo.jpg?h=66&w=66&mode=stretch,Written Test,
MAH AAC CET,Maharashtra Applied Arts and Crafts Common Entrance Test,Design,10 Apr 23-09 Mar 23,16-Apr-23,,https://images.collegedunia.com/public/college_data/images/logos/LLB_watermark_updated.png?h=66&w=66&mode=stretch,Online Test,
IICD,Indian Institute of Crafts and Design,Design,21 Oct 22-21 Jan 23,16-Apr-23,28-Apr-23,https://images.collegedunia.com/public/college_data/images/logos/IICD.png?h=66&w=66&mode=stretch,Written Test,
LPUNEST,LPU National Entrance and Scholarship Test,Design,20 Sept 23-16 Jan 24,20 Jan 24-05 Feb 24,,https://images.collegedunia.com/public/college_data/images/logos/LPU logo.png?h=66&w=66&mode=stretch,Online Test,LPUNEST is admission test for the LPU University
IIAD Entrance Exam,Indian Institute of Art and Design Entrance Exam,Design,14 Mar 23-14 Apr 23,22-Apr-23,,https://images.collegedunia.com/public/college_data/images/logos/IIAD logo_220px (2) (1) (1).jpg?h=66&w=66&mode=stretch,Written Test,
PESSAT,PES Scholastic Aptitude Test,Design,20 Oct 22-16 May 23,17 May 23-05 Jun 23,8-Jun-23,https://images.collegedunia.com/public/college_data/images/logos/pessat.jpeg?h=66&w=66&mode=stretch,Online Test,"PESSAT is a university level exam, conducted by PES University, Bangalore every year for admission to UG and PG programs"
UPCET,Uttar Pradesh Combined Entrance Test,Design,01 Apr 23-26 May 23,2-Jul-23,8-Jul-23,https://images.collegedunia.com/public/college_data/images/logos/images (1).jpg?h=66&w=66&mode=stretch,Online Test,
FDDI AIST,Footwear Design and Development Institute All India Selection Test,Design,15 Dec 22-05 Jun 23,18-Jun-23,30-Jun-23,https://images.collegedunia.com/public/college_data/images/logos/18-fddi.jpg?h=66&w=66&mode=stretch,Written Test,FDDI Entrance Test (FDDI AIST) is a paper-based exam conducted for admission to various Bachelor’s Degree & Master’s Degree Programmes offered by the institute.
SAEEE,Sathyabhama All India Entrance Exam,Design,05 Dec 23-31 Mar 24,19 May 24-21 May 24,,https://images.collegedunia.com/public/college_data/images/logos/logo 2.png?h=66&w=66&mode=stretch,Online Test,SAEEE conducts every year for the students applying for the engineering programs like B.E/ B.Tech/ B.Arch/ B.Des.
KIITEE,Kalinga Institute of Industrial Technology Entrance Exam,Design,02 Sept 23-15 Apr 24,19 Jan 24-21 Jan 24,25-Jan-24,https://images.collegedunia.com/public/college_data/images/logos/kiit-entrance-exam.png.jpg?h=66&w=66&mode=stretch,Online Test,"KIITEE is conducted by KIIT for admission to UG, PG engineering and law courses"
SUAT,Sharda University Admission Test,Design,03 Jan 23-02 Jun 23,18-Jun-23,17-Jul-23,https://images.collegedunia.com/public/college_data/images/logos/SUAT LOGO.jpg?h=66&w=66&mode=stretch,Online Test,"SUAT is an university level exam, conducted by Sharda University for admission to courses such as B.Tech., BCA, MCA, B.Tech"
ITM NEST,ITM National Entrance and Scholarship Test,Design,21 Feb 23-21 Apr 23,11-May-23,5-Jun-23,https://images.collegedunia.com/public/college_data/images/logos/itm nest logo.png?h=66&w=66&mode=stretch,Online Test,ITM NEST is a common entrance examination for admission to various programs offered by ITM University Gwalior
TUEE,Tezpur University Entrance Exam,Design,24 Mar 24-07 May 24,26 May 24-28 May 24,30-Jun-24,https://images.collegedunia.com/public/college_data/images/logos/tu_logo.png?h=66&w=66&mode=stretch,Written Test,"TUEE exam conducted by Tezpur University, Assam for admission in various integrated, post-graduate, pg diploma and certificate courses"
VEE,Vels Entrance Examination,Design,01 Mar 23-01 Jun 23,1-Jul-23,,https://images.collegedunia.com/public/college_data/images/logos/VELS.jpg?h=66&w=66&mode=stretch,Written Test,VEE is a qualifying entrance exam for admission to UG and PG programs offered by VELS University Chennai
UCEED,Undergraduate Common Entrance Examination for Design,Design,30 Sept 24-16 Nov 24,22-Jan-24,9-Mar-24,https://images.collegedunia.com/public/college_data/images/logos/iit bombay.png?h=66&w=66&mode=stretch,Online Test,"UCEED is a design entrance exam conducted by IIT Bombay to shortlist the candidates for B.Des admission in IIT Bombay, Delhi, Guwahati, Hyderabad and IIITDM Jabalpur."
GD Goenka scholarship test,GD Goenka scholarship test,Design,02 May 23-25 May 23,5-Jun-23,3-Jul-23,https://images.collegedunia.com/public/college_data/images/logos/download (1).png?h=66&w=66&mode=stretch,Online Test,
JKLU DET,JK Lakshmipat University Design Entrance Test,Design,,,,https://images.collegedunia.com/public/college_data/images/logos/JKLU DET Logo.png?h=66&w=66&mode=stretch,Written Test,
CBSE CLASS XII,CBSE Class Twelve Board Exam,class-12-exams,18 Aug 23-19 Sept 23,15 Feb 24-10 Apr 24,26-May-24,https://images.collegedunia.com/public/college_data/images/logos/20170528202850!Cbse-logo.png?h=66&w=66&mode=stretch,Written Test,
PSEB,Punjab Board of Secondary Education,class-12-exams,20 Feb 23-20 Apr 23,,,https://images.collegedunia.com/public/college_data/images/logos/PSEB-12th-Result-2019.jpg?h=66&w=66&mode=stretch,Written Test,
Apdhte,Directorate of Higher and Technical Education Arunachal,class-12-exams,,,,https://images.collegedunia.com/public/college_data/images/logos/DSEAP-e1475513396110.jpg?h=66&w=66&mode=stretch,Written Test,
UBSE,Board Of School Education Uttarakhand,class-12-exams,16 Mar 23-06 Apr 23,,,https://images.collegedunia.com/public/college_data/images/logos/ukkkk.jpg?h=66&w=66&mode=stretch,Written Test,
Jharkhand Board,JAC Board Secondary Exam,class-12-exams,14 Mar 23-05 Apr 23,,,https://images.collegedunia.com/public/college_data/images/logos/JAC-logo2-1.jpg?h=66&w=66&mode=stretch,Written Test,
NIOS,National Institute of Open Schooling,class-12-exams,,,,https://images.collegedunia.com/public/college_data/images/logos/NIOS-Logo.png?h=66&w=66&mode=stretch,Written Test,
AHSEC Class XII Exam,Assam Higher Secondary Education Council,class-12-exams,20 Feb 23-20 Mar 23,,,https://images.collegedunia.com/public/college_data/images/logos/2019-20-12-11-49-02_AHSEC.jpg?h=66&w=66&mode=stretch,Written Test,
CHSE Odisha,Odisha Board Higher Secondary Examination,class-12-exams,01 Mar 23-05 Apr 23,,,https://images.collegedunia.com/public/college_data/images/logos/ob.jpg?h=66&w=66&mode=stretch,Written Test,
ISC,ISC Board Exam,class-12-exams,13 Feb 23-31 Mar 23,,,https://images.collegedunia.com/public/college_data/images/logos/icse.png?h=66&w=66&mode=stretch,Written Test,
BIEAP,Andhra Pradesh Board Exam,class-12-exams,16 Mar 23-04 Apr 23,,,https://images.collegedunia.com/public/college_data/images/logos/andhra-pradesh-board-2017.jpg?h=66&w=66&mode=stretch,Written Test,
GSEB,Gujarat Secondary and Higher Secondary Education Board,class-12-exams,14 Mar 23-29 Mar 23,,,https://images.collegedunia.com/public/college_data/images/logos/download (25).jpg?h=66&w=66&mode=stretch,Written Test,
WBCHSE,West Bengal Madhyamik Examination,class-12-exams,14 Mar 23-27 Mar 23,,,https://images.collegedunia.com/public/college_data/images/logos/West Bengal Board.jpg?h=66&w=66&mode=stretch,Written Test,
TNDGE,Tamil Nadu Board of Higher Secondary Education,class-12-exams,13 Mar 23-03 Apr 23,,,https://images.collegedunia.com/public/college_data/images/logos/tnbse.png?h=66&w=66&mode=stretch,Written Test,
MSBSHSE,Maharashtra Board Senior and Higher Secondary Examination,class-12-exams,21 Feb 24-21 Mar 24,25-May-24,,https://images.collegedunia.com/public/college_data/images/logos/mah.jpg?h=66&w=66&mode=stretch,Written Test,
TBSE,Tripura Board of Secondary Education,class-12-exams,15 Mar 23-19 Apr 23,,,https://images.collegedunia.com/public/college_data/images/logos/tbse1.jpg?h=66&w=66&mode=stretch,Written Test,
NBSE,Nagaland Board of School Education,class-12-exams,09 Mar 23-31 Mar 23,,,https://images.collegedunia.com/public/college_data/images/logos/nbse.gif?h=66&w=66&mode=stretch,Written Test,
JKBOSE,Jammu and Kashmir State Board of School Education,class-12-exams,08 Mar 23-02 Apr 23,,,https://images.collegedunia.com/public/college_data/images/logos/jammu-kashmir-board-logo.jpg?h=66&w=66&mode=stretch,Written Test,
RBSE,Rajasthan Board of Secondary Education,class-12-exams,09 Mar 23-12 Apr 23,,,https://images.collegedunia.com/public/college_data/images/logos/rb.jpg?h=66&w=66&mode=stretch,Written Test,
UP Board,Uttar Pradesh Board Exam,class-12-exams,16 Feb 23-04 Mar 23,,,https://images.collegedunia.com/public/college_data/images/logos/up board.jpeg?h=66&w=66&mode=stretch,Written Test,
Bihar Board,Bihar Board Exam,class-12-exams,01 Feb 23-11 Feb 23,,,https://images.collegedunia.com/public/college_data/images/logos/BIHAR Board.jpeg?h=66&w=66&mode=stretch,Written Test,
MBOSE,Meghalaya Board of School Education,class-12-exams,01 Mar 23-28 Mar 23,,,https://images.collegedunia.com/public/college_data/images/logos/MBOE.jpg?h=66&w=66&mode=stretch,Written Test,
CGBSE,Chhattisgarh Board of Secondary Education,class-12-exams,01 Mar 23-31 Mar 23,,,https://images.collegedunia.com/public/college_data/images/logos/CG-BOARD.png?h=66&w=66&mode=stretch,Written Test,
GBSHSE,Goa Board of Secondary and Higher Secondary Education,class-12-exams,15 Mar 24-31 Mar 24,,,https://images.collegedunia.com/public/college_data/images/logos/board_logo.jpg?h=66&w=66&mode=stretch,Written Test,
Haryana Board,Haryana Board Exams,class-12-exams,27 Feb 23-28 Mar 23,,,https://images.collegedunia.com/public/college_data/images/logos/logo.png?h=66&w=66&mode=stretch,Written Test,
MPBSE,Madhya Pradesh Board Exam,class-12-exams,02 Mar 23-01 Apr 23,,,"https://images.collegedunia.com/public/college_data/images/logos/Board_of_Secondary_Education,_Madhya_Pradesh_logo.jpg?h=66&w=66&mode=stretch",Written Test,
MBSE,Mizoram Board,class-12-exams,,,,https://images.collegedunia.com/public/college_data/images/logos/mz.jpg?h=66&w=66&mode=stretch,Written Test,
KBPE,Kerala Board of Higher Secondary Education,class-12-exams,10 Mar 23-30 Mar 23,,,https://images.collegedunia.com/public/college_data/images/logos/kerala.png?h=66&w=66&mode=stretch,Written Test,
HPBOSE,Himachal Pradesh Board Of School Education,class-12-exams,10 Mar 23-31 Mar 23,,,https://images.collegedunia.com/public/college_data/images/logos/hpb.jpg?h=66&w=66&mode=stretch,Written Test,
KSEEB,Karnataka Secondary Education Examination Board,class-12-exams,09 Mar 23-29 Mar 23,,,https://images.collegedunia.com/public/college_data/images/logos/kseeb.jpg?h=66&w=66&mode=stretch,Written Test,
BSEM,Board of Secondary Education Manipur,class-12-exams,23 Feb 23-01 Apr 23,,,https://images.collegedunia.com/public/college_data/images/logos/BSEM.jpg?h=66&w=66&mode=stretch,Written Test,
CBSE,Central Board of Secondary Education,class-12-exams,,,,https://images.collegedunia.com/public/college_data/images/logos/CBSE LOGO.png?h=66&w=66&mode=stretch,Written Test,
NEET,National Eligibility Cum Entrance Test,Dental,06 Mar 24-04 May 24,5-May-24,13-Jun-24,https://images.collegedunia.com/public/college_data/images/logos/NTA- Logo.png?h=66&w=66&mode=stretch,Written Test,NEET is a National Eligibility cum Entrance Test conducted by NTA i.e. National Testing Agency.
KEAM,Kerala Engineering Agricultural Medical Entrance Examination,Dental,18 Mar 24-04 May 24,17-May-24,31-May-24,https://images.collegedunia.com/public/college_data/images/logos/1430472788Government_of_kerela (1).jpg?h=66&w=66&mode=stretch,Written Test,"KEAM is a state level exam conducted by the Commissioner of Entrance Examination (CEE), Kerala, for admission into the UG Engineering programs."
IPU CET,Guru Gobind Singh Indraprastha University Common Entrance Test,Dental,24 Mar 24-15 May 24,,,https://images.collegedunia.com/public/college_data/images/logos/IPU Logo.png?h=66&w=66&mode=stretch,Written Test,"IPU CET is a university-level entrance exam for admission to UG & PG courses in engineering, medical, dental, law, and management"
JIPMER,Jawaharlal Institute of Post graduate Medical Education and Research,Dental,14 Dec 22-13 Apr 23,17-May-23,2-Jun-23,https://images.collegedunia.com/public/college_data/images/logos/jipmar.png?h=66&w=66&mode=stretch,Online Test,"Jawaharlal Institute of Postgraduate Medical Education and Research, Puducherry is known as JIPMER"
GCET,Goa Common Entrance Test,Dental,02 Feb 23-27 Feb 23,14-May-23,12-Jun-23,https://images.collegedunia.com/public/college_data/images/logos/1425965876gcet-logo1.jpg?h=66&w=66&mode=stretch,Written Test,"GCET is a state level offline entrance examination for admissions to Professional Degree courses in Engineering and Pharmacy, in the state of Goa"
AIIMS PG,All India Institute Of Medical Sciences Post Graduate,Dental,,,,https://images.collegedunia.com/public/college_data/images/logos/AIIMS MBBS.png?h=66&w=66&mode=stretch,Online Test,
Madhya Pradesh NEET Counselling,Madhya Pradesh NEET Counselling,Dental,,,,https://images.collegedunia.com/public/college_data/images/logos/Madhya Pradesh NEET Counselling.png?h=66&w=66&mode=stretch,Online Test,
Rajasthan NEET Counselling,Rajasthan NEET Counselling,Dental,,,,https://images.collegedunia.com/public/college_data/images/logos/Ruhs_Logo_Final.png?h=66&w=66&mode=stretch,Written Test,
Andhra Pradesh NEET Counselling,Andhra Pradesh NEET Counselling,Dental,,,,https://images.collegedunia.com/public/college_data/images/logos/emblem-dark.png?h=66&w=66&mode=stretch,Written Test,"RUET is an university level entance exam, conducted for admission in various UG, PG and P.hd courses"
Kerala NEET Counselling,Kerala NEET Counselling,Dental,,,,https://images.collegedunia.com/public/college_data/images/logos/Kerala NEET Counselling.jpg?h=66&w=66&mode=stretch,Online Test,
Tamil Nadu NEET Counselling,Tamil Nadu NEET Counselling,Dental,,,,https://images.collegedunia.com/public/college_data/images/logos/Tamil Nadu NEET Counselling.png?h=66&w=66&mode=stretch,Online Test,SAAT is a National level exam conducted for admission into various UG and PG courses
Punjab NEET Counselling,Punjab NEET Counselling,Dental,,,,https://images.collegedunia.com/public/college_data/images/logos/Punjab NEET.png?h=66&w=66&mode=stretch,Online Test,
UGMAC,Bihar Under Graduate Medical Admission Counselling,Dental,,,,https://images.collegedunia.com/public/college_data/images/logos/Screenshot 2023-08-04 at 5.13.15 PM.png?h=66&w=66&mode=stretch,Written Test,
Odisha NEET Counselling,Odisha NEET Counselling,Dental,,,,https://images.collegedunia.com/public/college_data/images/logos/OJEE.png?h=66&w=66&mode=stretch,Written Test,
Arunachal Pradesh NEET Counselling,Arunachal Pradesh NEET Counselling,Dental,,,,https://images.collegedunia.com/public/college_data/images/logos/Arunachal Pradesh Logo.png?h=66&w=66&mode=stretch,Written Test,
Jharkhand NEET Counselling,Jharkhand NEET Counselling,Dental,,,,https://images.collegedunia.com/public/college_data/images/logos/jcecebLogo.png?h=66&w=66&mode=stretch,Written Test,
Gujarat NEET Counsell,Gujarat NEET Counselling,Dental,,,,https://images.collegedunia.com/public/college_data/images/logos/Gujarat NEET Counselling logo.jpeg?h=66&w=66&mode=stretch,Written Test,
Karnataka NEET Counselling,Karnataka NEET Counselling,Dental,,,,https://images.collegedunia.com/public/college_data/images/logos/image.png?h=66&w=66&mode=stretch,Written Test,
West Bengal NEET Counselling,West Bengal NEET Counselling,Dental,,,,https://images.collegedunia.com/public/college_data/images/logos/gov of west bengal.png?h=66&w=66&mode=stretch,Online Test,
Tripura NEET Counselling,Tripura NEET Counselling,Dental,,,,https://images.collegedunia.com/public/college_data/images/logos/Tripura NEET.png?h=66&w=66&mode=stretch,Online Test,
Uttar Pradesh NEET Counselling,Uttar Pradesh NEET Counselling,Dental,,,,https://images.collegedunia.com/public/college_data/images/logos/Uttar Pradesh NEET Counselling.png?h=66&w=66&mode=stretch,Written Test,
SAAT,Siksha O Anusandhan University Admission Test,Dental,01 Feb 23-01 Mar 23,13-Mar-23,,https://images.collegedunia.com/public/college_data/images/logos/SAAT.png?h=66&w=66&mode=stretch,Online Test,
NEET MDS,National Eligibility Cum Entrance Test for Masters of Dental Surgery,Dental,09 Jan 24-22 Feb 24,1-Mar-24,10-Mar-24,https://images.collegedunia.com/public/college_data/images/logos/NBE Logo.png?h=66&w=66&mode=stretch,Written Test,
Himachal Pradesh NEET Counselling,Himachal Pradesh NEET Counselling,Dental,,,,https://images.collegedunia.com/public/college_data/images/logos/HP NEET Counselling.jpg?h=66&w=66&mode=stretch,Written Test,
RUET,Rama University Entrance Test,Dental,22 Apr 23-14 Jul 23,4-Aug-23,1-Sep-23,https://images.collegedunia.com/public/college_data/images/logos/RUET.png?h=66&w=66&mode=stretch,Online Test,
Maharashtra NEET Counselling,Maharashtra NEET Counselling,Dental,,,,https://images.collegedunia.com/public/college_data/images/logos/MH NEET.png?h=66&w=66&mode=stretch,Online Test,
INI CET,Institute of National Importance Combined Entrance Test,Dental,15 Sept 23-30 Oct 23,5-Nov-23,,https://images.collegedunia.com/public/college_data/images/logos/aiims-pg-exam.png?h=66&w=66&mode=stretch,Written Test,
Haryana NEET Counselling,Haryana NEET Counselling,Dental,29-Jul-23,,,https://images.collegedunia.com/public/college_data/images/logos/Dmer_logo.png?h=66&w=66&mode=stretch,Written Test,
PGIMER,Post Graduate Institute of Medical Education and Research,Dental,25 Apr 23-15 May 23,27-May-23,7-Jun-23,https://images.collegedunia.com/public/college_data/images/logos/pgi_logo_400x400.png?h=66&w=66&mode=stretch,Written Test,
CBSE X,CBSE Class X Board,class-10-exams,15 Feb 23-21 Mar 23,,,https://images.collegedunia.com/public/college_data/images/logos/CBSE.png?h=66&w=66&mode=stretch,Written Test,
JKBOSE Class X Board,The Jammu and Kashmir Board of School Education,class-10-exams,09 Mar 23-05 Apr 23,,,https://images.collegedunia.com/public/college_data/images/logos/Screenshot 2021-05-28 181706.png?h=66&w=66&mode=stretch,Written Test,
KBPE SSLC Exam,Kerala SSLC Board Exam,class-10-exams,09 Mar 23-29 Mar 23,,,https://images.collegedunia.com/public/college_data/images/logos/cms ker.png?h=66&w=66&mode=stretch,Written Test,
RBSE Class X Exam,Rajasthan Board Class X Exam,class-10-exams,16 Mar 23-11 Apr 23,,,https://images.collegedunia.com/public/college_data/images/logos/rbse-board-2022.png?h=66&w=66&mode=stretch,Written Test,
Manipur Board HSLC,Manipur Board HSLC Exam,class-10-exams,16 Mar 23-03 Apr 23,,,https://images.collegedunia.com/public/college_data/images/logos/bosss.jpg?h=66&w=66&mode=stretch,Written Test,
HBSE Class X Exam,Haryana Board Class X Exam,class-10-exams,27 Feb 23-25 Mar 23,,,https://images.collegedunia.com/public/college_data/images/logos/Haryana_Board_of_School_Education_(logo).gif?h=66&w=66&mode=stretch,Written Test,
HPBOSE Class X Exam,HP Board Class X Exam,class-10-exams,11 Mar 23-31 Mar 23,,,https://images.collegedunia.com/public/college_data/images/logos/HPBoSE.png?h=66&w=66&mode=stretch,Written Test,
bse odisha class X exam,Board of Secondary Education Odisha,class-10-exams,10 Mar 23-17 Mar 23,,,https://images.collegedunia.com/public/college_data/images/logos/180px-Bse.odisha.logo.jpg?h=66&w=66&mode=stretch,Written Test,
BSEAP,Andhra Pradesh Board Class X Exam,class-10-exams,03 Apr 23-18 Apr 23,,,https://images.collegedunia.com/public/college_data/images/logos/andhra-pradesh-board-2017.jpg?h=66&w=66&mode=stretch,Written Test,
WBBSE,West Bengal Board Class X Exam,class-10-exams,23 Feb 23-04 Mar 23,,,https://images.collegedunia.com/public/college_data/images/logos/West Bengal Board.jpg?h=66&w=66&mode=stretch,Written Test,
TNDGE SSLC Exam,Tamil Nadu Board Class X Exam,class-10-exams,06 Apr 23-20 Apr 23,,,https://images.collegedunia.com/public/college_data/images/logos/tnbse.png?h=66&w=66&mode=stretch,Written Test,
CGBSE Class X Board,Chhattisgarh Board Class X Exam,class-10-exams,02 Mar 23-24 Mar 23,,,https://images.collegedunia.com/public/college_data/images/logos/CG-BOARD.png?h=66&w=66&mode=stretch,Written Test,
MSBSHSE Class X board,Maharashtra  Board Class X Exam,class-10-exams,02 Mar 23-25 Mar 23,,,https://images.collegedunia.com/public/college_data/images/logos/mah.jpg?h=66&w=66&mode=stretch,Written Test,
TBSE Class X Board,Tripura Board Class X Exam,class-10-exams,16 Mar 23-18 Apr 23,,,https://images.collegedunia.com/public/college_data/images/logos/tbse1.jpg?h=66&w=66&mode=stretch,Written Test,
BSE Telangana,Board of Secondary Education Telangana,class-10-exams,03 Apr 23-13 Apr 23,,,https://images.collegedunia.com/public/college_data/images/logos/telanganaintermediate-1656224591.jpg?h=66&w=66&mode=stretch,Written Test,
MPBSE Class X Board,Madhya Pradesh Board Class X Exam,class-10-exams,01 Mar 23-27 Mar 23,,,,Written Test,
KSEEB Class X Board,Karnataka Board Class X Exam,class-10-exams,31 Mar 23-15 Apr 23,,,https://images.collegedunia.com/public/college_data/images/logos/karnataka-board-logo.jpg?h=66&w=66&mode=stretch,Written Test,
Mizoram Class X Board,Mizoram Board Class X Exam,class-10-exams,,,,https://images.collegedunia.com/public/college_data/images/logos/c995bc787a0c0c32a61ad985bc53b498MBSE.jpg?h=66&w=66&mode=stretch,Written Test,
SEBA,Board of Secondary Education Assam,class-10-exams,03 Mar 23-20 Mar 23,,,https://images.collegedunia.com/public/college_data/images/logos/assam.png?h=66&w=66&mode=stretch,Written Test,
JAC class x board,JAC Board Class X Exam,class-10-exams,14 Mar 23-03 Apr 23,,,https://images.collegedunia.com/public/college_data/images/logos/JAC-logo2-1.jpg?h=66&w=66&mode=stretch,Written Test,
ICSE Class X board,ICSE Board Class X Exam,class-10-exams,27 Feb 23-29 Mar 23,,,https://images.collegedunia.com/public/college_data/images/logos/icse.png?h=66&w=66&mode=stretch,Written Test,
MBOSE class x board,Meghalaya Board Class X Exam,class-10-exams,03 Mar 23-17 Mar 23,,,https://images.collegedunia.com/public/college_data/images/logos/Meghalaya-Board-Of-School-Education-1.png?h=66&w=66&mode=stretch,Written Test,
Bihar Class X Board,Bihar Board Class X Exam,class-10-exams,14 Feb 23-22 Feb 23,,,https://images.collegedunia.com/public/college_data/images/logos/BSEB-logo.jpg?h=66&w=66&mode=stretch,Written Test,
APDHTE Class X Board,Arunachal Board Class X Exam,class-10-exams,,,,https://images.collegedunia.com/public/college_data/images/logos/DSEAP-e1475513396110.jpg?h=66&w=66&mode=stretch,Written Test,
NIOS Class X Board,NIOS Board Class X Exam,class-10-exams,,,,https://images.collegedunia.com/public/college_data/images/logos/NIOS-Logo.png?h=66&w=66&mode=stretch,Written Test,
GBSHSE Class X Board,Goa Board Class X Exam,class-10-exams,01 Apr 23-22 Apr 23,,,https://images.collegedunia.com/public/college_data/images/logos/board_logo.jpg?h=66&w=66&mode=stretch,Written Test,
UP Class X Board,UPMSP Class X Board,class-10-exams,16 Feb 23-03 Mar 23,,,https://images.collegedunia.com/public/college_data/images/logos/up-board-logo-uttar-pradesh.jpg?h=66&w=66&mode=stretch,Written Test,
Punjab Class X Board,Punjab Board Class X Exam,class-10-exams,24 Mar 23-20 Apr 23,,,https://images.collegedunia.com/public/college_data/images/logos/175px-Punjab_School_Education_Board_(logo).jpg?h=66&w=66&mode=stretch,Written Test,
Gujarat Class X Board,Gujarat Board Class X Exam,class-10-exams,14 Mar 23-28 Mar 23,,,https://images.collegedunia.com/public/college_data/images/logos/gujarat-Board-logo.png?h=66&w=66&mode=stretch,Written Test,
Nagaland Class X Board,Nagaland Board Class X Exam,class-10-exams,10 Mar 23-22 Mar 23,,,https://images.collegedunia.com/public/college_data/images/logos/naga logo.jpg?h=66&w=66&mode=stretch,Written Test,
UK Board Class X Exam,Uttarakhand Board of School Education,class-10-exams,17 Mar 23-06 Apr 23,,,,Written Test,
IPU CET,Guru Gobind Singh Indraprastha University Common Entrance Test,Hotel Management,24 Mar 24-15 May 24,,,https://images.collegedunia.com/public/college_data/images/logos/IPU Logo.png?h=66&w=66&mode=stretch,Written Test,"IPU CET is a university-level entrance exam for admission to UG & PG courses in engineering, medical, dental, law, and management"
NCHMCT JEE,National Council for Hotel Management and Catering Technology Joint Entrance Examination,Hotel Management,02 Feb 24-02 May 24,14-May-24,7-Jun-24,https://images.collegedunia.com/public/college_data/images/logos/nchmct-logo.jpg?h=66&w=66&mode=stretch,Online Test,
UKSEE,Uttarakhand State Entrance Exam,Hotel Management,12 Jul 23-19 Jun 23,18-Jul-23,25-Jul-23,https://images.collegedunia.com/public/college_data/images/logos/uksee logo.png?h=66&w=66&mode=stretch,Written Test,"UKSEE is a state level exam which offers various courses such as B.Pharm, Bachelor of Hotel Management (BHMCT), M.C.A, and lateral entry"
CUET,Common Universities Entrance Test,Hotel Management,09 Feb 24-30 Mar 24,15 May 24-30 May 24,15-Jul-24,https://images.collegedunia.com/public/college_data/images/logos/ntaLOGO.jpg?h=66&w=66&mode=stretch,Written Test,"CUET is a national level examination, for admission into various UG, PG & other courses"
CUET PG,Common Universities Entrance Test Post Graduate,Hotel Management,30 Jan 24-16 Feb 24,11 Mar 24-28 Mar 24,20-Jul-24,https://images.collegedunia.com/public/college_data/images/logos/NTA-logo.jpg?h=66&w=66&mode=stretch,Online Test,
MAH BHMCT CET,Maharashtra Hotel Management Common Entrance Test,Hotel Management,27 Mar 23-20 Apr 23,24-Apr-23,18-May-23,https://images.collegedunia.com/public/college_data/images/logos/logo-875.jpg?h=66&w=66&mode=stretch,Online Test,
AIHMCT WAT,Army Institute of Hotel Management and Catering Technology WAT,Hotel Management,20 Feb 24-20 Apr 24,30-Apr-24,19-May-24,https://images.collegedunia.com/public/college_data/images/logos/aihmlogo@2x1.png?h=66&w=66&mode=stretch,Online Test,
LPUNEST,LPU National Entrance and Scholarship Test,Hotel Management,20 Sept 23-16 Jan 24,20 Jan 24-05 Feb 24,,https://images.collegedunia.com/public/college_data/images/logos/LPU logo.png?h=66&w=66&mode=stretch,Online Test,LPUNEST is admission test for the LPU University
AIMA UGAT,All India Management Association Under Graduate Aptitude Test,Hotel Management,14 Jun 24-31 Jan 24,17-Jun-24,,https://images.collegedunia.com/public/college_data/images/logos/AIMA LOGO.png?h=66&w=66&mode=stretch,Online Test,
Q Care,Quantum University Entrance Test,Hotel Management,1-Feb-24,15-Feb-24,15-Jul-24,https://images.collegedunia.com/public/college_data/images/logos/1519895421QULogo1.png?h=66&w=66&mode=stretch,Written Test,"Q Care Test is  All India Level Entrance cum Scholarship Test, conducted by Quantum University for UG courses"
WBJEE JEHOM,WBJEE JEHOM,Hotel Management,13 Feb 22-27 Feb 22,10-May-22,5-Jun-22,https://images.collegedunia.com/public/college_data/images/logos/wbjee logo.jpg?h=66&w=66&mode=stretch,Written Test,
SAAT,Siksha O Anusandhan University Admission Test,Hotel Management,01 Feb 23-01 Mar 23,13-Mar-23,,https://images.collegedunia.com/public/college_data/images/logos/SAAT.png?h=66&w=66&mode=stretch,Online Test,SAAT is a National level exam conducted for admission into various UG and PG courses
UPCET,Uttar Pradesh Combined Entrance Test,Hotel Management,01 Apr 23-26 May 23,2-Jul-23,8-Jul-23,https://images.collegedunia.com/public/college_data/images/logos/images (1).jpg?h=66&w=66&mode=stretch,Online Test,
VEE,Vels Entrance Examination,Hotel Management,01 Mar 23-01 Jun 23,1-Jul-23,,https://images.collegedunia.com/public/college_data/images/logos/VELS.jpg?h=66&w=66&mode=stretch,Written Test,VEE is a qualifying entrance exam for admission to UG and PG programs offered by VELS University Chennai
GNIHM JET,Guru Nanak Institute of Hotel Management Joint Entrance Test,Hotel Management,18-May-23,,,https://images.collegedunia.com/public/college_data/images/logos/logo-new.png?h=66&w=66&mode=stretch,Written Test,
GVSAT,Suresh Gyan Vihar University Entrance Exam,Hotel Management,27 Mar 23-28 Jun 23,30-Jun-23,,https://images.collegedunia.com/public/college_data/images/logos/SVHU.png?h=66&w=66&mode=stretch,Online Test,GVSAT is a state level entrance exam conducted for admissions to various B.Tech courses
MAH MHMCT CET,Maharashtra Master of Hotel Management and Catering Technology Common Entrance Test,Hotel Management,05 Apr 24-24 Apr 24,30-Apr-24,19-May-24,https://images.collegedunia.com/public/college_data/images/logos/images (1).png?h=66&w=66&mode=stretch,Online Test,
MP Counselling,Madhya Pradesh Counselling,Hotel Management,,,,https://images.collegedunia.com/public/college_data/images/logos/MP Counselling Logo.jpg?h=66&w=66&mode=stretch,Written Test,
KEAM,Kerala Engineering Agricultural Medical Entrance Examination,Agriculture,04 May 24-18 Mar 24,17-May-24,31-May-24,https://images.collegedunia.com/public/college_data/images/logos/1430472788Government_of_kerela (1).jpg?h=66&w=66&mode=stretch,Written Test,"KEAM is a state level exam conducted by the Commissioner of Entrance Examination (CEE), Kerala, for admission into the UG Engineering programs."
KCET,Karnataka Common Entrance Test,Agriculture,08 May 24-02 Mar 24,21-May-24,15-Jun-24,https://images.collegedunia.com/public/college_data/images/logos/KCET.jpg?h=66&w=66&mode=stretch,Written Test,"KCET is a state-level exam, conducted for admission to Engineering and B.Pharma courses"
JCECE,Jharkhand Combined Entrance Competitive Examination,Agriculture,29 May 24-20 Jun 24,9-Jul-24,,https://images.collegedunia.com/public/college_data/images/logos/jcece logo.jpg?h=66&w=66&mode=stretch,Written Test,"JCECE is an entrance exam for admission to B.Tech (Dairy Technology, Agriculture Engineering), B.Sc. Agriculture, B.V.Sc. & Animal Husbandry"
CUSAT CAT,Cochin University of Science and Technology Common Admission test,Agriculture,27 Jan 23-26 Feb 23,1-May-23,,https://images.collegedunia.com/public/college_data/images/logos/cusatlogo.png?h=66&w=66&mode=stretch,Online Test,"CUSAT CAT is national level exam, conducted for admission to B.Tech, M.Tech, M.Phil, M.Voc, MCA, MBA, MA, M.Sc, LLB, BBA programs"
BHU UET,Banaras Hindu University Undergraduate Entrance Test,Agriculture,19 May 24-09 Feb 24,21 May 24-11 Jun 24,15-Jul-24,https://images.collegedunia.com/public/college_data/images/logos/BHU PET Logo.png?h=66&w=66&mode=stretch,Online Test,
Tripura JEE,Tripura Joint Entrance Examination,Agriculture,01 Feb 24-18 Apr 24,25-Apr-24,12-Jun-24,https://images.collegedunia.com/public/college_data/images/logos/TRIPURA-JEE.jpg?h=66&w=66&mode=stretch,Written Test,Tripura JEE is a state level exam to admission in undergraduate and other  professional courses
OUAT,Orissa University of Agriculture and Technology,Agriculture,06 Apr 23-09 May 23,23-Jun-23,21-Jul-23,https://images.collegedunia.com/public/college_data/images/logos/OUAT Logo.png?h=66&w=66&mode=stretch,Written Test,OUAT Entrance Exam is a university level exam for UG programs and Agro-Polytechnic program
CUET,Common Universities Entrance Test,Agriculture,09 Feb 24-30 Mar 24,15 May 24-30 May 24,15-Jul-24,https://images.collegedunia.com/public/college_data/images/logos/ntaLOGO.jpg?h=66&w=66&mode=stretch,Written Test,"CUET is a national level examination, for admission into various UG, PG & other courses"
HORTICET,Horticulture Common Entrance Test,Agriculture,05 Jun 23-03 Sept 23,24-Sep-23,5-Oct-23,https://images.collegedunia.com/public/college_data/images/logos/logo_9063_1452061991_1.png?h=66&w=66&mode=stretch,Written Test,
CG PAT,Chhattisgarh Pre Agriculture Test,Agriculture,26 May 23-16 Jun 23,2-Jul-23,,https://images.collegedunia.com/public/college_data/images/logos/main.jpg?h=66&w=66&mode=stretch,Written Test,
AJEE,AISECT Joint Entrance Exam,Agriculture,01 Apr 24-28 Apr 24,30-Apr-24,7-May-24,https://images.collegedunia.com/public/college_data/images/logos/ajeebannerimg.jpg?h=66&w=66&mode=stretch,Online Test,"AJEE is a national level entrance exam conducted by AISECT University,  for admission to various UG and PG courses"
UPCATET,Uttar Pradesh Combined Agriculture and Technology Entrance Test,Agriculture,01 Mar 23-05 May 23,31-May-23,15-Jun-23,https://images.collegedunia.com/public/college_data/images/logos/logo.jpeg?h=66&w=66&mode=stretch,Written Test,"UPCATET entrance exam is conducted for admission into various UG, PG and Ph.D. courses"
VSAT,Vignan Scholastic Aptitude Test,Agriculture,06 Jan 23-30 Apr 23,15 May 23-21 May 23,,https://images.collegedunia.com/public/college_data/images/logos/vignan-s-scholastic-aptitude-test-vsat-2017.png?h=66&w=66&mode=stretch,Online Test,VSAT exam conducted by Vignan’s University in the state of Andhra Pradesh for admission in the B.Tech course
BIHAR ITICAT,Bihar  Industrial Training Institute Competitive Admission Test,Agriculture,15 Apr 24-20 May 24,18-Jun-24,2-Jul-24,https://images.collegedunia.com/public/college_data/images/logos/BIHAR.png?h=66&w=66&mode=stretch,Written Test,BIHAR ITICAT is conducted for admission in ITI courses in various Bihar Government colleges and Institute
ITM NEST,ITM National Entrance and Scholarship Test,Agriculture,21 Feb 23-21 Apr 23,11-May-23,5-Jun-23,https://images.collegedunia.com/public/college_data/images/logos/itm nest logo.png?h=66&w=66&mode=stretch,Online Test,ITM NEST is a common entrance examination for admission to various programs offered by ITM University Gwalior
BHU PET,Banaras Hindu University Postgraduate Entrance Test,Agriculture,20 Mar 24-03 Jun 24,05 Jun 24-12 Jun 24,20-Jul-24,https://images.collegedunia.com/public/college_data/images/logos/BHU PET Logo.png?h=66&w=66&mode=stretch,Online Test,"BHU PET is University Level Post Graduation Entrance Exam conducted by Banaras Hindu University in Varanasi, Uttar Pradesh, for admission to General, Professional, Special and Vocational Courses"
CUET PG,Common Universities Entrance Test Post Graduate,Agriculture,30 Jan 24-16 Feb 24,11 Mar 24-28 Mar 24,20-Jul-24,https://images.collegedunia.com/public/college_data/images/logos/NTA-logo.jpg?h=66&w=66&mode=stretch,Online Test,
SAAT,Siksha O Anusandhan University Admission Test,Agriculture,01 Feb 23-01 Mar 23,13-Mar-23,,https://images.collegedunia.com/public/college_data/images/logos/SAAT.png?h=66&w=66&mode=stretch,Online Test,SAAT is a National level exam conducted for admission into various UG and PG courses
Allahabad University PGAT,Allahabad University Post Graduate Admission Test,Agriculture,25 Apr 24-20 May 24,02 Jun 24-05 Jun 24,,https://images.collegedunia.com/public/college_data/images/logos/Allahabad-University.png?h=66&w=66&mode=stretch,Online Test,Allahabad University PGAT is state level exam conducted for admissions to various postgraduate courses
MCAER PG CET,Maharashtra Council of Agriculture Education and Research Common Entrance Test,Agriculture,12 Jul 23-19 Apr 23,22 Jul 23-24 Jul 23,,https://images.collegedunia.com/public/college_data/images/logos/mcaer logo.PNG?h=66&w=66&mode=stretch,Written Test,"MAUEB conducts the entrance exam MCAER PG CET,  for admission to various Post Graduate Programs"
JNU CEEB,Jawaharlal Nehru University Combined Entrance Examination for Biotechnology,Agriculture,01 Mar 23-03 Apr 23,23-Apr-23,26-May-23,https://images.collegedunia.com/public/college_data/images/logos/NTA-Logo.png?h=66&w=66&mode=stretch,Online Test,"JNU CEEB is a University Level Entrance exam, conducted for admission in various Postgraduate programs"
NEET,National Eligibility Cum Entrance Test,paramedical,06 Mar 24-04 May 24,5-May-24,13-Jun-24,https://images.collegedunia.com/public/college_data/images/logos/NTA- Logo.png?h=66&w=66&mode=stretch,Written Test,NEET is a National Eligibility cum Entrance Test conducted by NTA i.e. National Testing Agency.
IPU CET,Guru Gobind Singh Indraprastha University Common Entrance Test,paramedical,24 Mar 24-15 May 24,,,https://images.collegedunia.com/public/college_data/images/logos/IPU Logo.png?h=66&w=66&mode=stretch,Written Test,"IPU CET is a university-level entrance exam for admission to UG & PG courses in engineering, medical, dental, law, and management"
GCET,Goa Common Entrance Test,paramedical,02 Feb 23-27 Feb 23,14-May-23,12-Jun-23,https://images.collegedunia.com/public/college_data/images/logos/1425965876gcet-logo1.jpg?h=66&w=66&mode=stretch,Written Test,"GCET is a state level offline entrance examination for admissions to Professional Degree courses in Engineering and Pharmacy, in the state of Goa"
AIIMS PG,All India Institute Of Medical Sciences Post Graduate,paramedical,,,,https://images.collegedunia.com/public/college_data/images/logos/AIIMS MBBS.png?h=66&w=66&mode=stretch,Online Test,
IUET,Integral University Entrance Test,paramedical,21 Feb 23-16 Mar 23,19 Aug 23-10 Sept 23,,https://images.collegedunia.com/public/college_data/images/logos/01-1427877734-31-1427784268-27-integraluniversity.jpg?h=66&w=66&mode=stretch,Written Test,IUET is a state level entrance exam for admission into U.G. and PG. Programmes
PESSAT,PES Scholastic Aptitude Test,paramedical,20 Oct 22-16 May 23,17 May 23-05 Jun 23,8-Jun-23,https://images.collegedunia.com/public/college_data/images/logos/pessat.jpeg?h=66&w=66&mode=stretch,Online Test,"PESSAT is a university level exam, conducted by PES University, Bangalore every year for admission to UG and PG programs"
CUET,Common Universities Entrance Test,paramedical,09 Feb 24-30 Mar 24,15 May 24-30 May 24,15-Jul-24,https://images.collegedunia.com/public/college_data/images/logos/ntaLOGO.jpg?h=66&w=66&mode=stretch,Written Test,"CUET is a national level examination, for admission into various UG, PG & other courses"
IGNOU OPENNET,IGNOU BSC NURSING ENTRANCE TEST,paramedical,25 Mar 23-04 May 23,8-May-23,3-Jul-23,https://images.collegedunia.com/public/college_data/images/logos/IGNOU.png?h=66&w=66&mode=stretch,Written Test,
MET,Manipal Entrance Test,paramedical,13 Oct 23-15 Apr 24,28 Apr 24-30 Apr 24,,https://images.collegedunia.com/public/college_data/images/logos/MU OET Logo.png?h=66&w=66&mode=stretch,Online Test,MET is a university-level exam for admission to various UG and PG degree programs
SAAT,Siksha O Anusandhan University Admission Test,paramedical,01 Feb 23-01 Mar 23,13-Mar-23,,https://images.collegedunia.com/public/college_data/images/logos/SAAT.png?h=66&w=66&mode=stretch,Online Test,SAAT is a National level exam conducted for admission into various UG and PG courses
AIIMS MSc,AIIMS MSc Entrance Examination,paramedical,15 Feb 24-20 Mar 24,17-Jun-24,,https://images.collegedunia.com/public/college_data/images/logos/AIIMS MBBS.png?h=66&w=66&mode=stretch,Online Test,
DSAT,Dayanand Sagar Admission Test,paramedical,18 Dec 22-20 May 23,24-May-23,,https://images.collegedunia.com/public/college_data/images/logos/dsat logo.png?h=66&w=66&mode=stretch,Online Test,"DSAT is a university level entrance exam organized by Dayanand Sagar University, conducted for admission to various UG and PG program in DSU"
WBJEE JENPAS UG,Joint Entrance Test for Nursing Paramedical and Allied Sciences Undergraduate Course,paramedical,11 Jan 24-02 Jun 24,11-Jun-24,18-Jul-24,https://images.collegedunia.com/public/college_data/images/logos/FileHandler.jpg?h=66&w=66&mode=stretch,Written Test,
ITM NEST,ITM National Entrance and Scholarship Test,paramedical,21 Feb 23-21 Apr 23,11-May-23,5-Jun-23,https://images.collegedunia.com/public/college_data/images/logos/itm nest logo.png?h=66&w=66&mode=stretch,Online Test,ITM NEST is a common entrance examination for admission to various programs offered by ITM University Gwalior
RUET,Rama University Entrance Test,paramedical,22 Apr 23-14 Jul 23,4-Aug-23,1-Sep-23,https://images.collegedunia.com/public/college_data/images/logos/RUET.png?h=66&w=66&mode=stretch,Written Test,"RUET is an university level entance exam, conducted for admission in various UG, PG and P.hd courses"
AUAT,Aliah University Admission Test,paramedical,08 May 24-14 Jun 24,02 Jul 24-30 Jul 24,1-Aug-24,https://images.collegedunia.com/public/college_data/images/logos/AUAT Logo.png?h=66&w=66&mode=stretch,Written Test,"AUAT  is a national level entrance exam conducted by Aliah University for admission to various UG, PG and five-year integrated courses"
ABVMU CNET,ABVMU CNET,paramedical,,,,https://images.collegedunia.com/public/college_data/images/logos/UOPlogo.png?h=66&w=66&mode=stretch,Online Test,
KEAM,Kerala Engineering Agricultural Medical Entrance Examination,veterinary-sciences,18 Mar 24-04 May 24,17-May-24,31-May-24,https://images.collegedunia.com/public/college_data/images/logos/1430472788Government_of_kerela (1).jpg?h=66&w=66&mode=stretch,Written Test,"KEAM is a state level exam conducted by the Commissioner of Entrance Examination (CEE), Kerala, for admission into the UG Engineering programs."
KCET,Karnataka Common Entrance Test,veterinary-sciences,02 Mar 24-08 May 24,21-May-24,15-Jun-24,https://images.collegedunia.com/public/college_data/images/logos/KCET.jpg?h=66&w=66&mode=stretch,Written Test,"KCET is a state-level exam, conducted for admission to Engineering and B.Pharma courses"
JCECE,Jharkhand Combined Entrance Competitive Examination,veterinary-sciences,29 May 24-20 Jun 24,9-Jul-24,,https://images.collegedunia.com/public/college_data/images/logos/jcece logo.jpg?h=66&w=66&mode=stretch,Written Test,"JCECE is an entrance exam for admission to B.Tech (Dairy Technology, Agriculture Engineering), B.Sc. Agriculture, B.V.Sc. & Animal Husbandry"
BHU UET,Banaras Hindu University Undergraduate Entrance Test,veterinary-sciences,09 Feb 24-19 May 24,21 May 24-11 Jun 24,15-Jul-24,https://images.collegedunia.com/public/college_data/images/logos/BHU PET Logo.png?h=66&w=66&mode=stretch,Online Test,
Tripura JEE,Tripura Joint Entrance Examination,veterinary-sciences,18 Apr 24-01 Feb 24,25-Apr-24,12-Jun-24,https://images.collegedunia.com/public/college_data/images/logos/TRIPURA-JEE.jpg?h=66&w=66&mode=stretch,Written Test,Tripura JEE is a state level exam to admission in undergraduate and other  professional courses
UP Veterinary Entrance Exam,UP Veterinary Entrance Exam,veterinary-sciences,01 Apr 24-07 Jun 24,26-Nov-24,29-Jun-24,https://images.collegedunia.com/public/college_data/images/logos/UP.jpeg?h=66&w=66&mode=stretch,Written Test,
MP Vyapam DAHET,MP Vyapam Diploma in Animal Husbandry  Entrance Test,veterinary-sciences,07 Sept 22-28 Sept 22,28-Oct-23,,https://images.collegedunia.com/public/college_data/images/logos/mp-vyapam-sseo-syllabus.jpg?h=66&w=66&mode=stretch,Online Test,
UPCATET,Uttar Pradesh Combined Agriculture and Technology Entrance Test,veterinary-sciences,01 Mar 23-05 May 23,31-May-23,15-Jun-23,https://images.collegedunia.com/public/college_data/images/logos/logo.jpeg?h=66&w=66&mode=stretch,Written Test,"UPCATET entrance exam is conducted for admission into various UG, PG and Ph.D. courses"
GAT B,Graduate Aptitude Test Biotechnology,veterinary-sciences,10 Mar 24-05 Apr 24,13-May-24,10-Jun-24,https://images.collegedunia.com/public/college_data/images/logos/GATB.png?h=66&w=66&mode=stretch,Online Test,
OUAT,Orissa University of Agriculture and Technology,veterinary-sciences,06 Apr 23-09 May 23,23-Jun-23,21-Jul-23,https://images.collegedunia.com/public/college_data/images/logos/OUAT Logo.png?h=66&w=66&mode=stretch,Written Test,OUAT Entrance Exam is a university level exam for UG programs and Agro-Polytechnic program
AAU VET,Assam Agricultural University Veterinary Entrance Test,veterinary-sciences,24 Jun 23-15 Jul 23,6-Aug-23,,https://images.collegedunia.com/public/college_data/images/logos/AAU VET.jpg?h=66&w=66&mode=stretch,Written Test,
RPVT,Rajasthan Pre University Veterinary Test,veterinary-sciences,08 Jul 23-31 Jul 23,11-Sep-23,29-Sep-23,https://images.collegedunia.com/public/college_data/images/logos/RUVAS.png?h=66&w=66&mode=stretch,Written Test,
JNU CEEB,Jawaharlal Nehru University Combined Entrance Examination for Biotechnology,veterinary-sciences,01 Mar 23-03 Apr 23,23-Apr-23,26-May-23,https://images.collegedunia.com/public/college_data/images/logos/NTA-Logo.png?h=66&w=66&mode=stretch,Online Test,"JNU CEEB is a University Level Entrance exam, conducted for admission in various Postgraduate programs"
UGMAC,Bihar Under Graduate Medical Admission Counselling,veterinary-sciences,,,,https://images.collegedunia.com/public/college_data/images/logos/Screenshot 2023-08-04 at 5.13.15 PM.png?h=66&w=66&mode=stretch,Written Test,
IPU CET,Guru Gobind Singh Indraprastha University Common Entrance Test,Mass-Communication,24 Mar 24-15 May 24,,,https://images.collegedunia.com/public/college_data/images/logos/IPU Logo.png?h=66&w=66&mode=stretch,Written Test,"IPU CET is a university-level entrance exam for admission to UG & PG courses in engineering, medical, dental, law, and management"
CUET,Common Universities Entrance Test,Mass-Communication,09 Feb 24-30 Mar 24,15 May 24-30 May 24,15-Jul-24,https://images.collegedunia.com/public/college_data/images/logos/ntaLOGO.jpg?h=66&w=66&mode=stretch,Written Test,"CUET is a national level examination, for admission into various UG, PG & other courses"
GNIHM JET,Guru Nanak Institute of Hotel Management Joint Entrance Test,Mass-Communication,18-May-23,,,https://images.collegedunia.com/public/college_data/images/logos/logo-new.png?h=66&w=66&mode=stretch,Written Test,
DAVV CET,Devi Ahilya Vishwavidyalaya Common Entrance Test,Mass-Communication,21 May 24-30 Jun 24,,,https://images.collegedunia.com/public/college_data/images/logos/Devi_Ahilya_Vishwavidyalaya_Logo.png?h=66&w=66&mode=stretch,Online Test,Devi Ahilya Vishwavidyalaya conducts DAVV CET exam for admission to its UG & PG courses
KIITEE,Kalinga Institute of Industrial Technology Entrance Exam,Mass-Communication,02 Sept 23-15 Apr 24,19 Jan 24-21 Jan 24,25-Jan-24,https://images.collegedunia.com/public/college_data/images/logos/kiit-entrance-exam.png.jpg?h=66&w=66&mode=stretch,Online Test,"KIITEE is conducted by KIIT for admission to UG, PG engineering and law courses"
FTII Entrance Exam,Film and Television Institute of India Entrance Exam,Mass-Communication,10 Mar 23-03 Feb 23,19-Mar-23,12-Jun-23,https://images.collegedunia.com/public/college_data/images/logos/FTII.png?h=66&w=66&mode=stretch,Written Test,
CUET PG,Common Universities Entrance Test Post Graduate,Mass-Communication,30 Jan 24-16 Feb 24,11 Mar 24-28 Mar 24,20-Jul-24,https://images.collegedunia.com/public/college_data/images/logos/NTA-logo.jpg?h=66&w=66&mode=stretch,Online Test,
IIMC,Indian Institute of Mass Communication,Mass-Communication,02 May 23-09 Jun 23,18-Jun-23,30-Jun-23,https://images.collegedunia.com/public/college_data/images/logos/IIMC logo.jpg?h=66&w=66&mode=stretch,Written Test,
XIC OET,Xavier Institute of Communication Online Entrance Test,Mass-Communication,07 Apr 23-15 Mar 23,10-Apr-23,,https://images.collegedunia.com/public/college_data/images/logos/lli_323.png?h=66&w=66&mode=stretch,Online Test,"XIC OET is an entrance test being conducted by Xavier’s Institute of Communications, Mumbai, for admission to various PG courses being offered by it in the field of mass communication"
ACJ Entrance Exam,Asian College of Journalism Entrance Exam,Mass-Communication,01 Feb 24-31 May 24,4-Jun-24,,https://images.collegedunia.com/public/college_data/images/logos/ACJ Logo.png?h=66&w=66&mode=stretch,Online Test,
SUAT,Sharda University Admission Test,Mass-Communication,03 Jan 23-02 Jun 23,18-Jun-23,17-Jul-23,https://images.collegedunia.com/public/college_data/images/logos/SUAT LOGO.jpg?h=66&w=66&mode=stretch,Online Test,"SUAT is an university level exam, conducted by Sharda University for admission to courses such as B.Tech., BCA, MCA, B.Tech"
NTA PhD Entrance Exam,NTA PhD Entrance Exam,Mass-Communication,,,,https://images.collegedunia.com/public/college_data/images/logos/NTA Logo.jpg?h=66&w=66&mode=stretch,Online Test,
UUEE,Uttaranchal University Entrance Examination,Mass-Communication,16 Jan 23-10 Jul 23,15-Jul-23,,https://images.collegedunia.com/public/college_data/images/logos/uu logo.jpg?h=66&w=66&mode=stretch,Written Test,UUEE is a university level examination supervised by Uttaranchal University (UU). Students seeking admissions in UG and PG courses can apply for UUEE.
IPU CET,Guru Gobind Singh Indraprastha University Common Entrance Test,vocational-courses,24 Mar 24-15 May 24,,,https://images.collegedunia.com/public/college_data/images/logos/IPU Logo.png?h=66&w=66&mode=stretch,Written Test,"IPU CET is a university-level entrance exam for admission to UG & PG courses in engineering, medical, dental, law, and management"
CUSAT CAT,Cochin University of Science and Technology Common Admission test,vocational-courses,27 Jan 23-26 Feb 23,1-May-23,,https://images.collegedunia.com/public/college_data/images/logos/cusatlogo.png?h=66&w=66&mode=stretch,Online Test,"CUSAT CAT is national level exam, conducted for admission to B.Tech, M.Tech, M.Phil, M.Voc, MCA, MBA, MA, M.Sc, LLB, BBA programs"
BHU UET,Banaras Hindu University Undergraduate Entrance Test,vocational-courses,09 Feb 24-19 May 24,21 May 24-11 Jun 24,15-Jul-24,https://images.collegedunia.com/public/college_data/images/logos/BHU PET Logo.png?h=66&w=66&mode=stretch,Online Test,
AIEED,All India Entrance Examination for Design,vocational-courses,10 Nov 23-25 Jun 24,21 Dec 23-30 Jun 24,,https://images.collegedunia.com/public/college_data/images/logos/1415109202download.jpg?h=66&w=66&mode=stretch,Online Test,
CUET,Common Universities Entrance Test,vocational-courses,09 Feb 24-30 Mar 24,15 May 24-30 May 24,15-Jul-24,https://images.collegedunia.com/public/college_data/images/logos/ntaLOGO.jpg?h=66&w=66&mode=stretch,Written Test,
CUET PG,Common Universities Entrance Test Post Graduate,vocational-courses,30 Jan 24-16 Feb 24,11 Mar 24-28 Mar 24,20-Jul-24,https://images.collegedunia.com/public/college_data/images/logos/NTA-logo.jpg?h=66&w=66&mode=stretch,Online Test,
Allahabad University PGAT,Allahabad University Post Graduate Admission Test,vocational-courses,25 Apr 24-20 May 24,02 Jun 24-05 Jun 24,,https://images.collegedunia.com/public/college_data/images/logos/Allahabad-University.png?h=66&w=66&mode=stretch,Online Test,"BHU PET is University Level Post Graduation Entrance Exam conducted by Banaras Hindu University in Varanasi, Uttar Pradesh, for admission to General, Professional, Special and Vocational Courses"
AP POLYCET,Andhra Pradesh Polytechnic Common Entrance Test,vocational-courses,16 Feb 24-30 Apr 24,10-May-24,20-May-24,https://images.collegedunia.com/public/college_data/images/logos/ Polycet.png?h=66&w=66&mode=stretch,Written Test,"CUET is a national level examination, for admission into various UG, PG & other courses"
BHU PET,Banaras Hindu University Postgraduate Entrance Test,vocational-courses,03 Jun 24-20 Mar 24,05 Jun 24-12 Jun 24,20-Jul-24,https://images.collegedunia.com/public/college_data/images/logos/BHU PET Logo.png?h=66&w=66&mode=stretch,Written Test,AP POLYCET is a state level exam for admission to government aided and private unaided Polytechnic institutions in the state Andhra Pradesh
UPCET,Uttar Pradesh Combined Entrance Test,vocational-courses,01 Apr 23-26 May 23,2-Jul-23,8-Jul-23,https://images.collegedunia.com/public/college_data/images/logos/images (1).jpg?h=66&w=66&mode=stretch,Online Test,
IICD,Indian Institute of Crafts and Design,vocational-courses,21 Oct 22-21 Jan 23,16-Apr-23,28-Apr-23,https://images.collegedunia.com/public/college_data/images/logos/IICD.png?h=66&w=66&mode=stretch,Online Test,
MDUCEE,Maharshi Dayanand University Common Entrance Exam,vocational-courses,20 Jul 23-22 Aug 23,23 Aug 23-27 Aug 23,27 Aug 23-31 Aug 23,https://images.collegedunia.com/public/college_data/images/logos/mducee logo.png?h=66&w=66&mode=stretch,Online Test,Allahabad University PGAT is state level exam conducted for admissions to various postgraduate courses
AP OAMDC,Andhra Pradesh Online Admissions Module for Degree Colleges,vocational-courses,,,,https://images.collegedunia.com/public/college_data/images/logos/AP OAMDC.jpg?h=66&w=66&mode=stretch,Online Test,
CENTAC,Central Admission Committee,vocational-courses,12 Jul 23-18 Jul 23,,,https://images.collegedunia.com/public/college_data/images/logos/pondicherry-university-entrance-exam.png?h=66&w=66&mode=stretch,Written Test,"CENTAC entrance exam conducted for admission to various UG courses in the field of engineering, pharmacy and other"
GMAT,Graduate Management Admission Test,study-abroad-exams,,,,https://images.collegedunia.com/public/college_data/images/logos/Group 21377.png?h=66&w=66&mode=stretch,Online Test,GMAT is conducted by GMAC for admission to management courses in various Business courses
Duolingo,Duolingo,study-abroad-exams,,,,https://images.collegedunia.com/public/college_data/images/logos/image (59).png?h=66&w=66&mode=stretch,Online Test,Duolingo is an English proficiency exam that is taken through the Duolingo app by candidates aspiring to study abroad.
AP Exam,Advanced Placement,study-abroad-exams,,,,https://images.collegedunia.com/public/college_data/images/logos/AP Logo.png?h=66&w=66&mode=stretch,Written Test,
TOEFL,Test of English as a Foreign Language,study-abroad-exams,,,,https://images.collegedunia.com/public/college_data/images/logos/toefl.png?h=66&w=66&mode=stretch,Online Test,toefl
IELTS,International English Language Testing System,study-abroad-exams,,,,https://images.collegedunia.com/public/college_data/images/logos/ielts.png?h=66&w=66&mode=stretch,Online Test,
GRE,Graduate Record Examination,study-abroad-exams,,,,https://images.collegedunia.com/public/college_data/images/logos/gre.png?h=66&w=66&mode=stretch,Online Test,GRE is an international standardized test required for admission into Graduate schools in the United States of America
PTE,Pearson Test of English,study-abroad-exams,,,,https://images.collegedunia.com/public/college_data/images/logos/pte.png?h=66&w=66&mode=stretch,Online Test,PTE (Pearson Test of English) is an English proficiency test accepted by universities worldwide. It is conducted by Pearson PCL group for students whose native language is not English.
SAT,Scholastic Aptitude Test,study-abroad-exams,,,,https://images.collegedunia.com/public/college_data/images/logos/sat llogo.jpg?h=66&w=66&mode=stretch,Written Test,
MELAB,Michigan English Language Assessment Battery,study-abroad-exams,,,,https://images.collegedunia.com/public/college_data/images/logos/melab-logo.png?h=66&w=66&mode=stretch,Written Test,
MCAT,Medical College Admission Test,study-abroad-exams,,,,https://images.collegedunia.com/public/college_data/images/logos/MCAT Logo.png?h=66&w=66&mode=stretch,Online Test,
TOEIC,Test of English for International Communication,study-abroad-exams,,,,https://images.collegedunia.com/public/college_data/images/logos/logo-toeic-transparent1.png?h=66&w=66&mode=stretch,Written Test,
NID,National Institute of Design Entrance Exam,Animation,12 Dec 23-08 Sept 23,24-Dec-23,24-Mar-24,https://images.collegedunia.com/public/college_data/images/logos/NID Logo.png?h=66&w=66&mode=stretch,Written Test,
TS POLYCET,Telangana State Polytechnic Common Entrance Test,Animation,16 Jan 24-24 Apr 24,17-May-24,26-May-24,https://images.collegedunia.com/public/college_data/images/logos/98133_sbtet-logo.png?h=66&w=66&mode=stretch,Written Test,TS POLYCET is conducted by State Board of Technical Education and Training Telangana for admission in polytechnic courses
VOCLET,Vocational Lateral Entry Test,Animation,28 Feb 24-10 Apr 24,3-Jun-24,28-Jun-24,https://images.collegedunia.com/public/college_data/images/logos/logo (1).png?h=66&w=66&mode=stretch,Written Test,
